timestamp,ibit_price,option_type,strike_price,expiration_date,time_to_expiration,market_price,bid,ask,volume,open_interest,implied_volatility,purchase_cost,total_return,return_percentage,delta,gamma,theta,vega,rho,symbol,etf_price,asset_class,beta_target,strategy
2025-08-12T17:59:20.029023-04:00,67.94999694824219,call,85,2027-12-17,2.346338124572211,17.075,16.9,17.25,216.0,1602,0.5448653912353516,14.95,212.5,14.214046822742473,0.6073728205385817,0.006778196322814289,-0.015364157926694206,0.4001039576401869,0.5163880119488128,IBIT,67.94999694824219,Bitcoin,0.6,IBIT Moderate Beta
2025-08-12T17:59:20.029023-04:00,67.94999694824219,call,75,2027-12-17,2.346338124572211,20.0,19.85,20.15,7.0,1896,0.5504805694580079,22.5,-250.0,-11.11111111111111,0.6651981891764763,0.006356940900509015,-0.014928437497651131,0.3791051187819614,0.537396549410029,IBIT,67.94999694824219,Bitcoin,0.8,IBIT High Beta
2025-08-12T17:59:20.029023-04:00,67.94999694824219,call,30,2027-01-15,1.4264202600958247,14.2,14.1,14.3,532.0,5778,0.8117694604492187,8.5,570.0,67.05882352941175,0.753644300667605,0.009495188725610938,-0.011363208784946385,0.1289748288460138,0.15611398992348943,ETHA,34.25,Ethereum,0.6,ETHA Moderate Beta
2025-08-12T17:59:20.029023-04:00,67.94999694824219,call,25,2027-01-15,1.4264202600958247,16.65,16.35,16.95,70.0,1099,0.8508315698242188,12.0,464.9999999999998,38.74999999999998,0.8104375823534908,0.007785931031736964,-0.01030884414533817,0.11084670773245536,0.14927423285389896,ETHA,34.25,Ethereum,0.8,ETHA High Beta
2025-08-10T08:16:06.804501-04:00,66.12999725341797,call,85,2027-12-17,2.351813826146475,16.125,15.95,16.3,2.0,1598,0.5456588403320313,14.95,117.5,7.859531772575251,0.5955305090250909,0.0070015374608723,-0.0150223022800354,0.3929294325457555,0.4974685042798339,,,,,
2025-06-18T17:25:46.568594-04:00,58.970001220703125,call,85,2027-12-17,2.4969199178644765,14.775,14.6,14.95,47.0,1236,0.5935709588623048,14.95,-17.500000000000227,-1.170568561872925,0.5777039713685092,0.0070755479724519,-0.0139644468392333,0.3646696427084261,0.4356970484874866,,,,,
2025-06-18T17:25:46.568594-04:00,58.970001220703125,call,60,2025-07-31,0.1177275838466803,3.1,3.05,3.15,189.0,11699,0.442388388671875,3.35,-25.000000000000057,-7.462686567164196,0.4983511020803922,0.0445689481292689,-0.0446650354421717,0.080719155299915,0.0307826131228182,,,,,
2025-06-17T22:01:25.716163,59.5,call,85,2027-12-17,2.5013698630136987,15.35,14.95,15.45,4.0,1232,0.597385617980957,14.95,40.00000000000004,2.6755852842809387,0.5836336171964226,0.0069400662349459,-0.0141338483402385,0.3671387480527894,0.4411639163642893,,,,,
2025-06-17T22:01:25.716163,59.5,call,60,2025-07-31,0.1205479452054794,3.7,3.5,3.6,476.0,11491,0.4650932397460938,3.35,35.00000000000001,10.447761194029852,0.5246041730015484,0.0414425215560649,-0.0467809546814358,0.0822583402729214,0.0331145238176813,,,,,
